Activo;Banderin Alcista;Canales;MACD;Fibbonacci;Volumen;Roi;Rubro;Activos;Pasivos;Pasivo/Activo;Conservador/Moderado/Agrecivo;Repercucion;ICC;Respuesta
3;-1;-1;1;-1;3100000000;125;1;0;0;1;0;1;0;3
3;1;2;1;-1;3100000000;115;1;0;0;0;0;1;0;4
3;-1;1;-1;1;3100000000;115;1;0;0;1;1;1;0;2
3;-1;-1;1;-1;3100000000;115;1;0;0;1;-1;1;0;6
3;-1;-1;1;-1;3100000000;115;1;0;0;1;1;1;0;7
3;-1;-1;1;-1;3100000000;115;1;0;0;0;0;1;0;2
3;-1;1;1;1;3100000000;115;1;0;0;1;-1;1;0;6
3;1;1;1;1;3100000000;115;1;0;0;0;-1;1;0;6
3;-1;2;1;1;3100000000;115;1;0;0;0;1;1;0;3
3;-1;1;-1;1;3100000000;115;1;0;0;1;0;1;0;5
3;0;1;1;1;3100000000;115;1;0;0;1;1;1;0;2
3;-1;0;1;0;3100000000;115;1;0;0;0;-1;1;0;4
3;-1;1;0;1;3100000000;115;1;0;0;0;-1;1;0;1
3;0;1;1;1;3100000000;115;1;0;0;0;1;1;0;6
3;-1;-1;1;0;3100000000;115;1;0;0;0;0;1;0;3
3;1;1;-1;1;3100000000;115;1;0;0;1;1;1;0;5
3;-1;1;1;1;3100000000;115;1;0;0;1;-1;1;0;2
3;-1;1;1;-1;3100000000;115;1;0;0;1;1;1;0;4
3;-1;2;1;1;3100000000;115;1;0;0;0;0;1;0;1
3;1;0;0;1;3100000000;115;1;0;0;1;1;1;0;3
3;-1;2;0;1;3100000000;115;1;0;0;0;0;1;0;4
3;-1;1;1;0;3100000000;115;1;0;0;0;1;1;0;2
3;1;-1;1;0;3100000000;115;1;0;0;1;1;1;0;6
3;-1;1;-1;-1;3100000000;115;1;0;0;1;-1;1;0;7
3;-1;1;1;1;3100000000;115;1;0;0;0;1;1;0;2
3;0;1;1;-1;3100000000;115;1;0;0;0;-1;1;0;6
3;0;1;1;1;3100000000;115;1;0;0;0;0;1;0;6
3;-1;-1;-1;0;3100000000;115;1;0;0;0;1;1;0;3
3;1;1;1;1;3100000000;115;1;0;0;1;1;1;0;5
3;-1;1;1;1;3100000000;115;1;0;0;1;1;1;0;2
3;-1;1;0;-1;3100000000;115;1;0;0;1;-1;1;0;4
3;-1;2;1;1;3100000000;115;1;0;0;0;-1;1;0;1
3;1;0;1;1;3100000000;115;1;0;0;1;1;1;0;2
3;-1;2;-1;1;3100000000;115;1;0;0;1;0;1;0;6
3;-1;1;1;0;3100000000;115;1;0;0;0;1;1;0;7
3;1;-1;1;0;3100000000;115;1;0;0;1;-1;1;0;2
3;-1;1;1;-1;3100000000;115;1;0;0;1;1;1;0;6
3;-1;1;0;1;3100000000;115;1;0;0;1;0;1;0;6
3;0;1;1;-1;3100000000;115;1;0;0;0;-1;1;0;3
3;1;2;1;0;3100000000;115;1;0;0;1;-1;1;0;5
3;-1;1;1;1;3100000000;115;1;0;0;0;1;1;0;2
3;-1;1;1;1;3100000000;115;1;0;0;0;0;1;0;4
3;-1;0;-1;0;3100000000;115;1;0;0;1;1;1;0;1
3;1;1;1;1;3100000000;115;1;0;0;1;-1;1;0;6
3;-1;1;1;1;3100000000;115;1;0;0;0;-1;1;0;3
3;-1;-1;0;-1;3100000000;115;1;0;0;0;1;1;0;5
3;1;1;1;1;3100000000;115;1;0;0;0;0;1;0;2
3;-1;1;1;1;3100000000;115;1;0;0;0;1;1;0;4
3;-1;1;-1;1;3100000000;115;1;0;0;1;-1;1;0;1
3;0;2;1;0;3100000000;115;1;0;0;1;1;1;0;2
3;0;0;1;0;3100000000;115;1;0;0;1;0;1;0;6
3;-1;2;1;-1;3100000000;115;1;0;0;0;1;1;0;6
3;1;1;0;1;3100000000;115;1;0;0;1;0;1;0;3
3;-1;-1;0;-1;3100000000;115;1;0;0;0;0;1;0;5
3;-1;1;1;1;3100000000;115;1;0;0;0;0;1;0;2
3;-1;1;1;0;3100000000;115;1;0;0;1;1;1;0;4
3;1;1;-1;1;3100000000;115;1;0;0;1;0;1;0;1
3;-1;1;1;1;3100000000;115;1;0;0;0;1;1;0;3
3;-1;-1;1;-1;3100000000;115;1;0;0;0;1;1;0;4
3;1;1;1;1;3100000000;115;1;0;0;0;-1;1;0;2
3;-1;1;-1;1;3100000000;115;1;0;0;0;1;1;0;6
3;-1;1;1;1;3100000000;115;1;0;0;0;-1;1;0;7
3;0;2;1;0;3100000000;115;1;0;0;1;0;1;0;2
3;-1;0;0;0;3100000000;115;1;0;0;1;1;1;0;6
3;-1;2;1;-1;3100000000;115;1;0;0;1;1;1;0;3
3;0;1;1;1;3100000000;115;1;0;0;0;1;1;0;4
3;0;-1;-1;-1;3100000000;115;1;0;0;1;-1;1;0;2
3;-1;1;1;1;3100000000;115;1;0;0;0;-1;1;0;6
3;1;1;1;1;3100000000;115;1;0;0;0;1;1;0;7
3;-1;2;1;-1;3100000000;115;1;0;0;1;0;1;0;2
3;-1;0;-1;1;3100000000;115;1;0;0;1;1;1;0;6
3;-1;2;1;1;3100000000;115;1;0;0;0;-1;1;0;6
3;1;1;1;1;3100000000;115;1;0;0;0;1;1;0;3
3;-1;-1;0;0;3100000000;115;1;0;0;0;0;1;0;5
3;-1;1;1;0;3100000000;115;1;0;0;1;-1;1;0;2
3;1;1;1;-1;3100000000;115;1;0;0;1;-1;1;0;4
3;-1;1;-1;1;3100000000;115;1;0;0;1;1;1;0;1
3;-1;2;1;-1;3100000000;115;1;0;0;0;0;1;0;6
3;0;1;1;1;3100000000;115;1;0;0;1;1;1;0;3
3;1;1;1;1;3100000000;115;1;0;0;0;-1;1;0;5
3;-1;0;0;-1;3100000000;115;1;0;0;0;-1;1;0;2
3;-1;1;1;1;3100000000;115;1;0;0;1;1;1;0;4
3;-1;1;1;1;3100000000;115;1;0;0;1;0;1;0;1
3;1;-1;1;1;3100000000;115;1;0;0;0;1;1;0;3
3;-1;1;1;0;3100000000;115;1;0;0;0;-1;1;0;4
3;-1;1;-1;0;3100000000;115;1;0;0;0;1;1;0;2
3;1;1;1;-1;3100000000;115;1;0;0;0;0;1;0;6
3;-1;2;1;1;3100000000;115;1;0;0;1;1;1;0;7
3;-1;0;0;-1;3100000000;115;1;0;0;1;0;1;0;2
3;0;2;1;0;3100000000;115;1;0;0;0;1;1;0;6
3;-1;1;1;0;3100000000;115;1;0;0;1;1;1;0;6
3;-1;-1;-1;-1;3100000000;115;1;0;0;1;-1;1;0;3
3;0;1;1;1;3100000000;115;1;0;0;0;1;1;0;5
3;0;1;1;-1;3100000000;115;1;0;0;0;-1;1;0;2
3;-1;1;1;1;3100000000;115;1;0;0;0;0;1;0;4
3;1;1;0;1;3100000000;115;1;0;0;0;1;1;0;1
3;-1;-1;0;-1;3100000000;115;1;0;0;1;1;1;0;2
3;-1;1;1;1;3100000000;115;1;0;0;1;1;1;0;6
3;-1;1;1;1;3100000000;115;1;0;0;1;-1;1;0;7
3;1;1;-1;1;3100000000;115;1;0;0;1;-1;1;0;2
1;-1;1;1;1;30750000000;100;1;0;0;1;1;1;0;6
1;1;1;1;1;30750000000;100;1;0;0;0;1;1;0;6
1;-1;2;1;1;30750000000;100;1;0;0;1;0;1;0;3
1;-1;1;-1;1;30750000000;100;1;0;0;1;1;1;0;5
1;0;1;1;1;30750000000;100;1;0;0;1;1;1;0;2
1;-1;0;1;0;30750000000;100;1;0;0;0;-1;1;0;4
1;-1;1;0;1;30750000000;100;1;0;0;1;1;1;0;1
1;0;1;1;1;30750000000;100;1;0;0;0;-1;1;0;6
1;-1;-1;1;0;30750000000;100;1;0;0;0;0;1;0;3
1;1;1;-1;1;30750000000;100;1;0;0;1;1;1;0;5
1;-1;1;1;1;30750000000;100;1;0;0;1;1;1;0;2
1;-1;1;1;-1;30750000000;100;1;0;0;0;1;1;0;4
1;-1;2;1;1;30750000000;100;1;0;0;0;-1;1;0;1
1;1;0;0;1;30750000000;100;1;0;0;0;-1;1;0;2
1;-1;2;0;1;30750000000;100;1;0;0;0;1;1;0;6
1;-1;1;1;0;30750000000;100;1;0;0;1;0;1;0;6
1;1;-1;1;0;30750000000;100;1;0;0;1;1;1;0;3
1;-1;1;-1;-1;30750000000;100;1;0;0;1;-1;1;0;5
1;-1;1;1;1;30750000000;100;1;0;0;0;1;1;0;2
1;0;1;1;-1;30750000000;100;1;0;0;1;0;1;0;4
1;0;1;1;1;30750000000;100;1;0;0;0;-1;1;0;1
1;-1;-1;-1;0;30750000000;100;1;0;0;0;-1;1;0;3
1;1;1;1;1;30750000000;100;1;0;0;1;1;1;0;4
1;-1;1;1;1;30750000000;100;1;0;0;1;0;1;0;2
1;-1;1;0;-1;30750000000;100;1;0;0;0;1;1;0;6
1;-1;2;1;1;30750000000;100;1;0;0;0;-1;1;0;7
1;1;0;1;1;30750000000;100;1;0;0;0;-1;1;0;2
1;-1;2;-1;1;30750000000;100;1;0;0;0;1;1;0;6
1;-1;1;1;0;30750000000;100;1;0;0;1;0;1;0;6
1;1;-1;1;0;30750000000;100;1;0;0;1;1;1;0;3
1;-1;1;1;-1;30750000000;100;1;0;0;1;-1;1;0;5
1;-1;1;0;1;30750000000;100;1;0;0;0;1;1;0;2
1;0;1;1;-1;30750000000;100;1;0;0;1;0;1;0;4
1;1;2;1;0;30750000000;100;1;0;0;1;1;1;0;1
1;-1;1;1;1;30750000000;100;1;0;0;0;0;1;0;5
1;-1;1;1;1;30750000000;100;1;0;0;1;1;1;0;7
1;-1;0;-1;0;30750000000;100;1;0;0;1;1;1;0;3
1;1;1;1;1;30750000000;100;1;0;0;1;-1;1;0;3
1;-1;1;1;1;30750000000;100;1;0;0;0;1;1;0;4
1;-1;-1;0;-1;30750000000;100;1;0;0;1;-1;1;0;2
1;1;1;1;1;30750000000;100;1;0;0;0;0;1;0;6
1;-1;1;1;1;30750000000;100;1;0;0;0;1;1;0;7
1;-1;1;-1;1;30750000000;100;1;0;0;1;1;1;0;2
1;0;2;1;0;30750000000;100;1;0;0;1;1;1;0;6
1;0;0;1;0;30750000000;100;1;0;0;0;-1;1;0;6
1;-1;2;1;-1;30750000000;100;1;0;0;0;-1;1;0;3
1;1;1;0;1;30750000000;100;1;0;0;0;1;1;0;5
1;-1;-1;0;-1;30750000000;100;1;0;0;0;0;1;0;2
1;-1;1;1;1;30750000000;100;1;0;0;1;1;1;0;4
1;-1;1;1;0;30750000000;100;1;0;0;1;-1;1;0;1
1;1;1;-1;1;30750000000;100;1;0;0;1;1;1;0;6
1;-1;1;1;1;30750000000;100;1;0;0;0;0;1;0;3
1;-1;-1;1;-1;30750000000;100;1;0;0;1;-1;1;0;5
1;1;1;1;1;30750000000;100;1;0;0;0;-1;1;0;2
1;-1;1;-1;1;30750000000;100;1;0;0;0;1;1;0;4
1;-1;1;1;1;30750000000;100;1;0;0;1;0;1;0;1
1;0;2;1;0;30750000000;100;1;0;0;1;1;1;0;3
1;-1;0;0;0;30750000000;100;1;0;0;0;-1;1;0;4
1;-1;2;1;-1;30750000000;100;1;0;0;0;-1;1;0;2
1;0;1;1;1;30750000000;100;1;0;0;0;1;1;0;6
1;0;-1;-1;-1;30750000000;100;1;0;0;0;0;1;0;7
1;-1;1;1;1;30750000000;100;1;0;0;0;1;1;0;2
1;1;1;1;1;30750000000;100;1;0;0;1;-1;1;0;6
1;-1;2;1;-1;30750000000;100;1;0;0;1;1;1;0;6
1;-1;0;-1;1;30750000000;100;1;0;0;1;0;1;0;3
1;-1;2;1;1;30750000000;100;1;0;0;0;1;1;0;5
1;1;1;1;1;30750000000;100;1;0;0;1;0;1;0;2
1;-1;-1;0;0;30750000000;100;1;0;0;0;1;1;0;4
1;-1;1;1;0;30750000000;100;1;0;0;0;1;1;0;1
1;1;1;1;-1;30750000000;100;1;0;0;1;-1;1;0;2
1;-1;1;-1;1;30750000000;100;1;0;0;1;1;1;0;6
1;-1;2;1;-1;30750000000;100;1;0;0;0;-1;1;0;7
1;0;1;1;1;30750000000;100;1;0;0;0;0;1;0;2
1;1;1;1;1;30750000000;100;1;0;0;0;1;1;0;6
1;-1;0;0;-1;30750000000;100;1;0;0;1;1;1;0;6
1;-1;1;1;1;30750000000;100;1;0;0;1;1;1;0;3
1;-1;1;1;1;30750000000;100;1;0;0;1;-1;1;0;5
1;1;-1;1;1;30750000000;100;1;0;0;0;-1;1;0;2
1;-1;1;1;0;30750000000;100;1;0;0;1;1;1;0;4
1;-1;1;-1;0;30750000000;100;1;0;0;0;0;1;0;1
1;1;1;1;-1;30750000000;100;1;0;0;0;1;1;0;6
1;-1;2;1;1;30750000000;100;1;0;0;1;-1;1;0;3
1;-1;0;0;-1;30750000000;100;1;0;0;1;1;1;0;5
1;0;2;1;0;30750000000;100;1;0;0;0;0;1;0;2
1;-1;1;1;0;30750000000;100;1;0;0;0;-1;1;0;4
1;-1;-1;-1;-1;30750000000;100;1;0;0;0;-1;1;0;1
1;0;1;1;1;30750000000;100;1;0;0;0;1;1;0;2
1;0;1;1;-1;30750000000;100;1;0;0;1;0;1;0;6
1;-1;1;1;1;30750000000;100;1;0;0;1;1;1;0;6
1;1;1;0;1;30750000000;100;1;0;0;0;-1;1;0;3
1;-1;-1;0;-1;30750000000;100;1;0;0;1;-1;1;0;5
1;-1;1;1;1;30750000000;100;1;0;0;1;1;1;0;2
1;-1;1;1;1;30750000000;100;1;0;0;0;0;1;0;4
1;1;1;-1;1;30750000000;100;1;0;0;0;1;1;0;1
1;-1;2;1;0;30750000000;100;1;0;0;0;-1;1;0;3
1;-1;0;1;0;30750000000;100;1;0;0;0;1;1;0;4
1;1;2;1;-1;30750000000;100;1;0;0;1;0;1;0;2
1;-1;1;-1;1;30750000000;100;1;0;0;1;1;1;0;6
1;-1;-1;1;-1;30750000000;100;1;0;0;1;0;1;0;7
1;-1;-1;1;-1;30750000000;100;1;0;0;1;0;1;0;2
0;-1;-1;1;-1;1650000000;125;1;0;0;1;0;1;0;3
0;-1;1;1;1;1650000000;125;1;0;0;1;1;1;0;4
0;1;1;1;1;1650000000;125;1;0;0;0;0;1;0;2
0;-1;2;1;1;1650000000;125;1;0;0;1;1;1;0;6
0;-1;1;-1;1;1650000000;125;1;0;0;1;1;1;0;7
0;0;1;1;1;1650000000;125;1;0;0;1;-1;1;0;2
0;-1;0;1;0;1650000000;125;1;0;0;0;1;1;0;6
0;-1;1;0;1;1650000000;125;1;0;0;1;-1;1;0;6
0;0;1;1;1;1650000000;125;1;0;0;0;0;1;0;3
0;-1;-1;1;0;1650000000;125;1;0;0;0;1;1;0;5
0;1;1;-1;1;1650000000;125;1;0;0;1;1;1;0;2
0;-1;1;1;1;1650000000;125;1;0;0;1;1;1;0;4
0;-1;1;1;-1;1650000000;125;1;0;0;0;-1;1;0;1
0;-1;2;1;1;1650000000;125;1;0;0;0;-1;1;0;6
0;1;0;0;1;1650000000;125;1;0;0;0;1;1;0;3
0;-1;2;0;1;1650000000;125;1;0;0;0;0;1;0;5
0;-1;1;1;0;1650000000;125;1;0;0;1;1;1;0;2
0;1;-1;1;0;1650000000;125;1;0;0;1;-1;1;0;4
0;-1;1;-1;-1;1650000000;125;1;0;0;1;1;1;0;1
0;-1;1;1;1;1650000000;125;1;0;0;0;0;1;0;3
0;0;1;1;-1;1650000000;125;1;0;0;1;-1;1;0;4
0;0;1;1;1;1650000000;125;1;0;0;0;-1;1;0;2
0;-1;-1;-1;0;1650000000;125;1;0;0;0;1;1;0;6
0;1;1;1;1;1650000000;125;1;0;0;1;0;1;0;7
0;-1;1;1;1;1650000000;125;1;0;0;1;1;1;0;2
0;-1;1;0;-1;1650000000;125;1;0;0;0;-1;1;0;6
0;-1;2;1;1;1650000000;125;1;0;0;0;-1;1;0;6
0;1;0;1;1;1650000000;125;1;0;0;0;1;1;0;3
0;-1;2;-1;1;1650000000;125;1;0;0;0;0;1;0;5
0;-1;1;1;0;1650000000;125;1;0;0;1;1;1;0;2
0;1;-1;1;0;1650000000;125;1;0;0;1;-1;1;0;4
0;-1;1;1;-1;1650000000;125;1;0;0;1;1;1;0;1
0;-1;1;0;1;1650000000;125;1;0;0;0;0;1;0;2
0;0;1;1;-1;1650000000;125;1;0;0;1;1;1;0;6
0;1;2;1;0;1650000000;125;1;0;0;1;0;1;0;7
0;-1;1;1;1;1650000000;125;1;0;0;0;1;1;0;2
0;-1;1;1;1;1650000000;125;1;0;0;1;1;1;0;6
0;-1;0;-1;0;1650000000;125;1;0;0;1;-1;1;0;6
0;1;1;1;1;1650000000;125;1;0;0;1;1;1;0;3
0;-1;1;1;1;1650000000;125;1;0;0;0;-1;1;0;5
0;-1;-1;0;-1;1650000000;125;1;0;0;1;0;1;0;2
0;1;1;1;1;1650000000;125;1;0;0;0;1;1;0;4
0;-1;1;1;1;1650000000;125;1;0;0;0;1;1;0;1
0;-1;1;-1;1;1650000000;125;1;0;0;1;1;1;0;6
0;0;2;1;0;1650000000;125;1;0;0;1;-1;1;0;3
0;0;0;1;0;1650000000;125;1;0;0;0;-1;1;0;5
0;-1;2;1;-1;1650000000;125;1;0;0;0;1;1;0;2
0;1;1;0;1;1650000000;125;1;0;0;0;0;1;0;4
0;-1;-1;0;-1;1650000000;125;1;0;0;0;1;1;0;1
0;-1;1;1;1;1650000000;125;1;0;0;1;-1;1;0;2
0;-1;1;1;0;1650000000;125;1;0;0;1;1;1;0;6
0;1;1;-1;1;1650000000;125;1;0;0;1;0;1;0;6
0;-1;1;1;1;1650000000;125;1;0;0;0;-1;1;0;3
0;-1;-1;1;-1;1650000000;125;1;0;0;1;-1;1;0;5
0;1;1;1;1;1650000000;125;1;0;0;0;1;1;0;2
0;-1;1;-1;1;1650000000;125;1;0;0;0;0;1;0;4
0;-1;1;1;1;1650000000;125;1;0;0;1;1;1;0;1
0;0;2;1;0;1650000000;125;1;0;0;1;-1;1;0;3
0;-1;0;0;0;1650000000;125;1;0;0;0;-1;1;0;4
0;-1;2;1;-1;1650000000;125;1;0;0;0;1;1;0;2
0;0;1;1;1;1650000000;125;1;0;0;0;0;1;0;6
0;0;-1;-1;-1;1650000000;125;1;0;0;0;1;1;0;7
0;-1;1;1;1;1650000000;125;1;0;0;0;-1;1;0;2
0;1;1;1;1;1650000000;125;1;0;0;1;1;1;0;6
0;-1;2;1;-1;1650000000;125;1;0;0;1;0;1;0;3
0;-1;0;-1;1;1650000000;125;1;0;0;1;1;1;0;4
0;-1;2;1;1;1650000000;125;1;0;0;0;0;1;0;2
0;1;1;1;1;1650000000;125;1;0;0;1;1;1;0;6
0;-1;-1;0;0;1650000000;125;1;0;0;0;1;1;0;7
0;-1;1;1;0;1650000000;125;1;0;0;0;-1;1;0;2
0;1;1;1;-1;1650000000;125;1;0;0;1;1;1;0;6
0;-1;1;-1;1;1650000000;125;1;0;0;1;-1;1;0;6
0;-1;2;1;-1;1650000000;125;1;0;0;0;0;1;0;3
0;0;1;1;1;1650000000;125;1;0;0;0;1;1;0;5
0;1;1;1;1;1650000000;125;1;0;0;0;1;1;0;2
0;-1;0;0;-1;1650000000;125;1;0;0;1;1;1;0;4
0;-1;1;1;1;1650000000;125;1;0;0;1;-1;1;0;1
0;-1;1;1;1;1650000000;125;1;0;0;1;-1;1;0;6
0;1;-1;1;1;1650000000;125;1;0;0;0;1;1;0;3
0;-1;1;1;0;1650000000;125;1;0;0;1;0;1;0;5
0;-1;1;-1;0;1650000000;125;1;0;0;0;1;1;0;2
0;1;1;1;-1;1650000000;125;1;0;0;0;-1;1;0;4
0;-1;2;1;1;1650000000;125;1;0;0;1;1;1;0;1
0;-1;0;0;-1;1650000000;125;1;0;0;1;0;1;0;3
0;0;2;1;0;1650000000;125;1;0;0;0;-1;1;0;4
0;-1;1;1;0;1650000000;125;1;0;0;0;-1;1;0;2
0;-1;-1;-1;-1;1650000000;125;1;0;0;0;1;1;0;6
0;0;1;1;1;1650000000;125;1;0;0;0;0;1;0;7
0;0;1;1;-1;1650000000;125;1;0;0;1;1;1;0;2
0;-1;1;1;1;1650000000;125;1;0;0;1;-1;1;0;6
0;1;1;0;1;1650000000;125;1;0;0;0;-1;1;0;6
0;-1;-1;0;-1;1650000000;125;1;0;0;1;1;1;0;3
0;-1;1;1;1;1650000000;125;1;0;0;1;0;1;0;5
0;-1;1;1;1;1650000000;125;1;0;0;0;1;1;0;2
0;1;1;-1;1;1650000000;125;1;0;0;0;-1;1;0;4
0;-1;2;1;0;1650000000;125;1;0;0;0;1;1;0;1
0;-1;0;1;0;1650000000;125;1;0;0;0;0;1;0;2
0;1;2;1;-1;1650000000;125;1;0;0;1;1;1;0;6
0;-1;1;-1;1;1650000000;125;1;0;0;1;0;1;0;7
0;-1;-1;1;-1;1650000000;125;1;0;0;1;0;1;0;2
2;-1;-1;-1;0;19000000000;95;1;0;0;1;0;1;0;6
2;-1;2;1;-1;19000000000;95;1;0;0;1;1;1;0;6
2;-1;1;1;1;19000000000;95;1;0;0;0;0;1;0;3
2;1;-1;1;-1;19000000000;95;1;0;0;1;1;1;0;5
2;-1;-1;-1;1;19000000000;95;1;0;0;0;1;1;0;2
2;-1;-1;1;0;19000000000;95;1;0;0;0;-1;1;0;4
2;-1;1;1;1;19000000000;95;1;0;0;1;1;1;0;1
2;-1;1;0;1;19000000000;95;1;0;0;1;-1;1;0;6
2;-1;2;1;-1;19000000000;95;1;0;0;0;0;1;0;3
2;1;1;1;1;19000000000;95;1;0;0;0;1;1;0;5
2;-1;1;-1;1;19000000000;95;1;0;0;0;1;1;0;2
2;-1;0;1;1;19000000000;95;1;0;0;0;1;1;0;4
2;0;1;1;0;19000000000;95;1;0;0;1;-1;1;0;1
2;-1;1;1;0;19000000000;95;1;0;0;1;-1;1;0;2
2;-1;-1;0;-1;19000000000;95;1;0;0;1;1;1;0;6
2;0;1;1;1;19000000000;95;1;0;0;0;0;1;0;6
2;-1;1;1;-1;19000000000;95;1;0;0;1;1;1;0;3
2;1;1;1;1;19000000000;95;1;0;0;1;-1;1;0;5
2;-1;2;1;1;19000000000;95;1;0;0;0;1;1;0;2
2;-1;0;-1;-1;19000000000;95;1;0;0;1;0;1;0;4
2;-1;2;1;1;19000000000;95;1;0;0;1;-1;1;0;1
2;1;1;1;1;19000000000;95;1;0;0;1;-1;1;0;3
2;-1;-1;0;1;19000000000;95;1;0;0;0;1;1;0;4
2;-1;1;1;0;19000000000;95;1;0;0;1;0;1;0;2
2;1;1;1;0;19000000000;95;1;0;0;0;1;1;0;6
2;-1;1;-1;-1;19000000000;95;1;0;0;0;-1;1;0;7
2;-1;1;1;1;19000000000;95;1;0;0;1;-1;1;0;2
2;0;-1;1;-1;19000000000;95;1;0;0;1;1;1;0;6
2;0;1;1;1;19000000000;95;1;0;0;0;0;1;0;6
2;-1;1;0;1;19000000000;95;1;0;0;0;1;1;0;3
2;1;1;0;-1;19000000000;95;1;0;0;0;-1;1;0;5
2;-1;2;1;1;19000000000;95;1;0;0;0;1;1;0;2
2;-1;0;1;1;19000000000;95;1;0;0;1;0;1;0;4
2;-1;2;-1;1;19000000000;95;1;0;0;1;1;1;0;1
2;1;1;1;0;19000000000;95;1;0;0;1;0;1;0;5
2;-1;-1;1;0;19000000000;95;1;0;0;0;1;1;0;7
2;-1;1;1;-1;19000000000;95;1;0;0;1;1;1;0;3
2;1;1;-1;1;19000000000;95;1;0;0;0;-1;1;0;3
2;-1;1;1;-1;19000000000;95;1;0;0;0;1;1;0;4
2;-1;2;1;0;19000000000;95;1;0;0;1;-1;1;0;2
2;0;1;1;0;19000000000;95;1;0;0;1;0;1;0;6
2;1;1;-1;-1;19000000000;95;1;0;0;0;1;1;0;7
2;-1;0;1;1;19000000000;95;1;0;0;0;1;1;0;2
2;-1;1;1;-1;19000000000;95;1;0;0;0;1;1;0;6
2;-1;1;1;1;19000000000;95;1;0;0;0;-1;1;0;6
2;1;-1;1;1;19000000000;95;1;0;0;0;-1;1;0;3
2;-1;1;1;-1;19000000000;95;1;0;0;1;1;1;0;5
2;-1;1;1;1;19000000000;95;1;0;0;1;0;1;0;2
2;1;1;-1;1;19000000000;95;1;0;0;1;1;1;0;4
2;-1;2;1;1;19000000000;95;1;0;0;0;-1;1;0;1
2;-1;0;1;0;19000000000;95;1;0;0;1;1;1;0;6
2;0;2;0;0;19000000000;95;1;0;0;0;0;1;0;3
2;0;1;1;-1;19000000000;95;1;0;0;0;-1;1;0;5
2;-1;-1;1;1;19000000000;95;1;0;0;1;-1;1;0;2
2;1;1;-1;-1;19000000000;95;1;0;0;1;1;1;0;4
2;-1;1;1;-1;19000000000;95;1;0;0;0;0;1;0;1
2;-1;1;1;-1;19000000000;95;1;0;0;0;1;1;0;3
2;-1;1;1;1;19000000000;95;1;0;0;0;-1;1;0;4
2;1;-1;0;1;19000000000;95;1;0;0;1;-1;1;0;2
2;-1;1;0;1;19000000000;95;1;0;0;1;1;1;0;6
2;-1;1;1;1;19000000000;95;1;0;0;1;0;1;0;7
2;1;1;1;1;19000000000;95;1;0;0;0;1;1;0;2
2;-1;2;-1;0;19000000000;95;1;0;0;1;-1;1;0;6
2;-1;0;1;1;19000000000;95;1;0;0;0;1;1;0;6
2;0;2;1;1;19000000000;95;1;0;0;0;0;1;0;3
2;-1;1;1;0;19000000000;95;1;0;0;1;1;1;0;5
2;-1;-1;-1;1;19000000000;95;1;0;0;1;0;1;0;2
2;0;1;1;1;19000000000;95;1;0;0;0;0;1;0;4
2;0;1;1;-1;19000000000;95;1;0;0;0;0;1;0;1
2;-1;2;0;1;19000000000;95;1;0;0;0;1;1;0;2
2;1;0;1;1;19000000000;95;1;0;0;0;0;1;0;6
2;-1;2;1;1;19000000000;95;1;0;0;1;1;1;0;7
2;-1;1;-1;0;19000000000;95;1;0;0;1;1;1;0;2
2;-1;-1;1;0;19000000000;95;1;0;0;0;-1;1;0;6
2;1;1;1;-1;19000000000;95;1;0;0;1;1;1;0;6
2;-1;1;1;1;19000000000;95;1;0;0;1;-1;1;0;3
2;-1;1;0;-1;19000000000;95;1;0;0;0;0;1;0;5
2;1;2;1;1;19000000000;95;1;0;0;0;1;1;0;2
2;-1;1;1;0;19000000000;95;1;0;0;0;1;1;0;4
2;-1;1;1;1;19000000000;95;1;0;0;0;1;1;0;1
2;0;0;1;1;19000000000;95;1;0;0;1;-1;1;0;6
2;1;1;-1;-1;19000000000;95;1;0;0;1;-1;1;0;3
2;-1;1;1;1;19000000000;95;1;0;0;1;1;1;0;5
2;-1;-1;1;1;19000000000;95;1;0;0;1;0;1;0;2
2;-1;1;0;1;19000000000;95;1;0;0;1;1;1;0;4
2;1;1;1;0;19000000000;95;1;0;0;1;-1;1;0;1
2;-1;1;1;0;19000000000;95;1;0;0;0;1;1;0;2
2;-1;2;-1;-1;19000000000;95;1;0;0;1;0;1;0;6
2;1;0;1;1;19000000000;95;1;0;0;1;-1;1;0;6
2;-1;2;1;-1;19000000000;95;1;0;0;1;-1;1;0;3
2;-1;1;1;0;19000000000;95;1;0;0;0;1;1;0;5
2;0;-1;0;1;19000000000;95;1;0;0;1;0;1;0;2
2;-1;1;0;1;19000000000;95;1;0;0;0;1;1;0;4
2;-1;1;1;0;19000000000;95;1;0;0;0;-1;1;0;1
2;0;1;1;1;19000000000;95;1;0;0;1;-1;1;0;3
2;0;1;-1;1;19000000000;95;1;0;0;1;1;1;0;4
2;-1;-1;1;-1;19000000000;95;1;0;0;0;0;1;0;2
2;1;1;1;1;19000000000;95;1;0;0;0;1;1;0;6
2;-1;1;1;1;19000000000;95;1;0;0;0;-1;1;0;7
2;-1;1;-1;1;19000000000;95;1;0;0;0;1;1;0;2
2;0;1;-1;1;19000000000;95;1;0;0;1;1;1;0;6
1;-1;1;1;1;30750000000;100;1;0;0;1;1;1;0;6
1;1;1;1;1;30750000000;100;1;0;0;0;1;1;0;3
1;-1;2;1;1;30750000000;100;1;0;0;1;0;1;0;5
1;-1;1;-1;1;30750000000;100;1;0;0;1;1;1;0;2
1;0;1;1;1;30750000000;100;1;0;0;1;1;1;0;4
1;-1;0;1;0;30750000000;100;1;0;0;0;-1;1;0;1
1;-1;1;0;1;30750000000;100;1;0;0;1;1;1;0;2
1;0;1;1;1;30750000000;100;1;0;0;0;-1;1;0;6
1;-1;-1;1;0;30750000000;100;1;0;0;0;0;1;0;6
1;1;1;-1;1;30750000000;100;1;0;0;1;1;1;0;3
1;-1;1;1;1;30750000000;100;1;0;0;1;1;1;0;5
1;-1;1;1;-1;30750000000;100;1;0;0;0;1;1;0;2
1;-1;2;1;1;30750000000;100;1;0;0;0;-1;1;0;4
1;1;0;0;1;30750000000;100;1;0;0;0;-1;1;0;1
1;-1;2;0;1;30750000000;100;1;0;0;0;1;1;0;3
1;-1;1;1;0;30750000000;100;1;0;0;1;0;1;0;4
1;1;-1;1;0;30750000000;100;1;0;0;1;1;1;0;2
1;-1;1;-1;-1;30750000000;100;1;0;0;1;-1;1;0;6
1;-1;1;1;1;30750000000;100;1;0;0;0;1;1;0;7
1;0;1;1;-1;30750000000;100;1;0;0;1;0;1;0;2
1;0;1;1;1;30750000000;100;1;0;0;0;-1;1;0;6
1;-1;-1;-1;0;30750000000;100;1;0;0;0;-1;1;0;6
1;1;1;1;1;30750000000;100;1;0;0;1;1;1;0;3
1;-1;1;1;1;30750000000;100;1;0;0;1;0;1;0;5
1;-1;1;0;-1;30750000000;100;1;0;0;0;1;1;0;2
1;-1;2;1;1;30750000000;100;1;0;0;0;-1;1;0;4
1;1;0;1;1;30750000000;100;1;0;0;0;-1;1;0;1
1;-1;2;-1;1;30750000000;100;1;0;0;0;1;1;0;5
1;-1;1;1;0;30750000000;100;1;0;0;1;0;1;0;7
1;1;-1;1;0;30750000000;100;1;0;0;1;1;1;0;3
1;-1;1;1;-1;30750000000;100;1;0;0;1;-1;1;0;3
1;-1;1;0;1;30750000000;100;1;0;0;0;1;1;0;4
1;0;1;1;-1;30750000000;100;1;0;0;1;0;1;0;2
1;1;2;1;0;30750000000;100;1;0;0;1;1;1;0;6
1;-1;1;1;1;30750000000;100;1;0;0;0;0;1;0;7
1;-1;1;1;1;30750000000;100;1;0;0;1;1;1;0;2
1;-1;0;-1;0;30750000000;100;1;0;0;1;1;1;0;6
1;1;1;1;1;30750000000;100;1;0;0;1;-1;1;0;6
1;-1;1;1;1;30750000000;100;1;0;0;0;1;1;0;3
1;-1;-1;0;-1;30750000000;100;1;0;0;1;-1;1;0;5
1;1;1;1;1;30750000000;100;1;0;0;0;0;1;0;2
1;-1;1;1;1;30750000000;100;1;0;0;0;1;1;0;4
1;-1;1;-1;1;30750000000;100;1;0;0;1;1;1;0;1
1;0;2;1;0;30750000000;100;1;0;0;1;1;1;0;6
1;0;0;1;0;30750000000;100;1;0;0;0;-1;1;0;3
1;-1;2;1;-1;30750000000;100;1;0;0;0;-1;1;0;5
1;1;1;0;1;30750000000;100;1;0;0;0;1;1;0;2
1;-1;-1;0;-1;30750000000;100;1;0;0;0;0;1;0;4
1;-1;1;1;1;30750000000;100;1;0;0;1;1;1;0;1
1;-1;1;1;0;30750000000;100;1;0;0;1;-1;1;0;3
1;1;1;-1;1;30750000000;100;1;0;0;1;1;1;0;4
1;-1;1;1;1;30750000000;100;1;0;0;0;0;1;0;2
1;-1;-1;1;-1;30750000000;100;1;0;0;1;-1;1;0;6
1;1;1;1;1;30750000000;100;1;0;0;0;-1;1;0;7
1;-1;1;-1;1;30750000000;100;1;0;0;0;1;1;0;2
1;-1;1;1;1;30750000000;100;1;0;0;1;0;1;0;6
1;0;2;1;0;30750000000;100;1;0;0;1;1;1;0;6
1;-1;0;0;0;30750000000;100;1;0;0;0;-1;1;0;3
1;-1;2;1;-1;30750000000;100;1;0;0;0;-1;1;0;5
1;0;1;1;1;30750000000;100;1;0;0;0;1;1;0;2
1;0;-1;-1;-1;30750000000;100;1;0;0;0;0;1;0;4
1;-1;1;1;1;30750000000;100;1;0;0;0;1;1;0;1
1;1;1;1;1;30750000000;100;1;0;0;1;-1;1;0;2
1;-1;2;1;-1;30750000000;100;1;0;0;1;1;1;0;6
1;-1;0;-1;1;30750000000;100;1;0;0;1;0;1;0;7
1;-1;2;1;1;30750000000;100;1;0;0;0;1;1;0;2
1;1;1;1;1;30750000000;100;1;0;0;1;0;1;0;6
1;-1;-1;0;0;30750000000;100;1;0;0;0;1;1;0;6
1;-1;1;1;0;30750000000;100;1;0;0;0;1;1;0;3
1;1;1;1;-1;30750000000;100;1;0;0;1;-1;1;0;5
1;-1;1;-1;1;30750000000;100;1;0;0;1;1;1;0;2
1;-1;2;1;-1;30750000000;100;1;0;0;0;-1;1;0;4
1;0;1;1;1;30750000000;100;1;0;0;0;0;1;0;1
1;1;1;1;1;30750000000;100;1;0;0;0;1;1;0;6
1;-1;0;0;-1;30750000000;100;1;0;0;1;1;1;0;3
1;-1;1;1;1;30750000000;100;1;0;0;1;1;1;0;5
1;-1;1;1;1;30750000000;100;1;0;0;1;-1;1;0;2
1;1;-1;1;1;30750000000;100;1;0;0;0;-1;1;0;4
1;-1;1;1;0;30750000000;100;1;0;0;1;1;1;0;1
1;-1;1;-1;0;30750000000;100;1;0;0;0;0;1;0;2
1;1;1;1;-1;30750000000;100;1;0;0;0;1;1;0;6
1;-1;2;1;1;30750000000;100;1;0;0;1;-1;1;0;6
1;-1;0;0;-1;30750000000;100;1;0;0;1;1;1;0;3
1;0;2;1;0;30750000000;100;1;0;0;0;0;1;0;5
1;-1;1;1;0;30750000000;100;1;0;0;0;-1;1;0;2
1;-1;-1;-1;-1;30750000000;100;1;0;0;0;-1;1;0;4
1;0;1;1;1;30750000000;100;1;0;0;0;1;1;0;1
1;0;1;1;-1;30750000000;100;1;0;0;1;0;1;0;3
1;-1;1;1;1;30750000000;100;1;0;0;1;1;1;0;4
1;1;1;0;1;30750000000;100;1;0;0;0;-1;1;0;2
1;-1;-1;0;-1;30750000000;100;1;0;0;1;-1;1;0;6
1;-1;1;1;1;30750000000;100;1;0;0;1;1;1;0;7
1;-1;1;1;1;30750000000;100;1;0;0;0;0;1;0;2
1;1;1;-1;1;30750000000;100;1;0;0;0;1;1;0;6
1;-1;2;1;0;30750000000;100;1;0;0;0;-1;1;0;6
1;-1;0;1;0;30750000000;100;1;0;0;0;1;1;0;3
1;1;2;1;-1;30750000000;100;1;0;0;1;0;1;0;5
1;-1;1;-1;1;30750000000;100;1;0;0;1;1;1;0;2
1;-1;-1;1;-1;30750000000;100;1;0;0;1;0;1;0;4
1;-1;-1;1;-1;30750000000;100;1;0;0;1;0;1;0;1
